Mã hồ sơ	Họ tên	Số định danh	Nhóm đối tượng
HS001	Trần Thị Bình	079010000001	U1
HS002	Lê Hữu Cường	079010000002	U1
HS003	Phạm Ngọc Dung	079010000003	U2
HS004	Hoàng Minh Hà	079010000004	U2
HS005	Huỳnh Văn Khánh	079010000005	U2
HS006	Phan Thị Linh	079010000006	U2
HS007	Vũ Hữu Mai	079010000007	U2
HS008	Võ Ngọc Nam	079010000008	U2
HS009	Đặng Minh Oanh	079010000009	U3
HS010	Nguyễn Văn Phúc	079010000010	U3
HS011	Trần Thị Quân	079010000011	U4
HS012	Lê Hữu Sơn	079010000012	U5
HS013	Phạm Ngọc Thảo	079010000013	U6
HS014	Hoàng Minh Uyên	079010000014	U6
HS015	Huỳnh Văn Vinh	079010000015	U6
HS016	Phan Thị An	079010000016	U6
HS017	Vũ Hữu Bình	079010000017	U6
HS018	Võ Ngọc Cường	079010000018	U6
HS019	Đặng Minh Dung	079010000019	U6
HS020	Nguyễn Văn Hà	079010000020	U6
HS021	Trần Thị Khánh	079010000021	U6
HS022	Lê Hữu Linh	079010000022	U6
HS023	Phạm Ngọc Mai	079010000023	U6
HS024	Hoàng Minh Nam	079010000024	U6
HS025	Huỳnh Văn Oanh	079010000025	U6
HS026	Phan Thị Phúc	079010000026	U6
HS027	Vũ Hữu Quân	079010000027	U6
HS028	Võ Ngọc Sơn	079010000028	U6
HS029	Đặng Minh Thảo	079010000029	U6
HS030	Nguyễn Văn Uyên	079010000030	U6
HS031	Trần Thị Vinh	079010000031	U6
HS032	Lê Hữu An	079010000032	U6
HS033	Phạm Ngọc Bình	079010000033	U6
HS034	Hoàng Minh Cường	079010000034	U6
HS035	Huỳnh Văn Dung	079010000035	U6
HS036	Phan Thị Hà	079010000036	U6
HS037	Vũ Hữu Khánh	079010000037	U6
HS038	Võ Ngọc Linh	079010000038	U6
HS039	Đặng Minh Mai	079010000039	U6
HS040	Nguyễn Văn Nam	079010000040	U6
